instance,level,n,k,evals_lazy,evals_plain,time_lazy,time_plain,same_solution
11690,50,596,4,551,855,0.001977,0.001725,1
11690,100,596,11,1134,2475,0.002090,0.003171,1
11702,50,868,12,1658,6607,0.003255,0.007145,1
11702,100,868,22,2645,15381,0.003488,0.011843,1
11714,50,839,9,1152,4049,0.002312,0.005745,1
11714,100,839,15,2099,9335,0.003056,0.008763,1
11826,50,497,3,207,288,0.000219,0.000257,1
11826,100,497,5,588,992,0.000729,0.000871,1
12016,50,590,4,459,863,0.000697,0.001059,1
12016,100,590,11,980,2774,0.001460,0.002716,1
12078,50,1027,10,1755,5687,0.003678,0.009270,1
12078,100,1027,19,2961,15175,0.005059,0.014495,1
12221,50,965,8,1017,3022,0.001580,0.004016,1
12221,100,965,12,2205,8415,0.005839,0.007711,1
12437,50,944,12,1813,6999,0.003051,0.008247,1
12437,100,944,21,2666,14853,0.003813,0.011543,1
12559,50,600,5,529,1038,0.000706,0.001029,1
12559,100,600,10,1063,2508,0.001511,0.002398,1
12924,50,673,7,676,1838,0.000880,0.002147,1
12924,100,673,11,1383,5224,0.001681,0.003738,1
13085,50,959,12,1801,7440,0.003081,0.010553,1
13085,100,959,23,3197,19033,0.007877,0.014139,1
13211,50,689,3,194,391,0.000210,0.000323,1
13211,100,689,6,790,1437,0.000950,0.001290,1
13520,50,500,3,239,354,0.000412,0.000409,1
13520,100,500,7,710,1354,0.001347,0.001376,1
13629,50,847,8,1119,3270,0.001679,0.003674,1
13629,100,847,18,2055,8238,0.002897,0.007068,1
13683,50,434,3,195,246,0.000243,0.000259,1
13683,100,434,6,471,754,0.000756,0.000852,1
13706,50,661,8,835,1751,0.001335,0.001845,1
13706,100,661,14,1492,5763,0.001841,0.004302,1
13743,50,913,7,845,2419,0.001334,0.003053,1
13743,100,913,12,1972,7403,0.002752,0.006573,1
14061,50,629,7,538,1239,0.000691,0.001207,1
14061,100,629,12,1347,5113,0.001606,0.003632,1
14071,50,411,3,173,208,0.000234,0.000223,1
14071,100,411,7,720,1308,0.000937,0.001021,1
14373,50,591,6,547,1209,0.000814,0.001215,1
14373,100,591,10,1115,3695,0.001401,0.002865,1
14758,50,544,6,384,598,0.000470,0.000667,1
14758,100,544,9,872,1626,0.001258,0.001625,1
14763,50,406,5,244,372,0.000347,0.000406,1
14763,100,406,10,769,1622,0.001035,0.001461,1
14811,50,917,8,908,2377,0.001365,0.002559,1
14811,100,917,14,2123,8528,0.002745,0.006529,1
14846,50,676,8,1117,3430,0.002933,0.003525,1
14846,100,676,13,1743,6842,0.002265,0.005818,1
14881,50,647,8,857,2806,0.001234,0.002676,1
14881,100,647,14,1709,7643,0.002144,0.005020,1
14935,50,850,8,1215,3523,0.001883,0.004264,1
14935,100,850,18,2110,10562,0.002966,0.008509,1
15083,50,574,7,566,1151,0.000823,0.001270,1
15083,100,574,12,1117,3261,0.001421,0.002419,1
15087,50,629,5,682,1348,0.000906,0.001251,1
15087,100,629,10,1293,3775,0.001676,0.002962,1
15586,50,450,5,214,296,0.000254,0.000326,1
15586,100,450,5,599,1116,0.000825,0.001118,1
15699,50,403,2,72,83,0.000081,0.000091,1
15699,100,403,3,244,306,0.000382,0.000418,1
