instance,level,n_seeds,time,ratio_to_ilp
11690,25,0,0.002787,1.000000
11690,25,5,0.004945,1.000000
11690,25,10,0.004131,1.000000
11690,25,20,0.005707,1.000000
11690,25,40,0.010403,1.000000
11690,25,80,0.019275,1.000000
11690,50,0,0.004656,0.949876
11690,50,5,0.007856,1.000000
11690,50,10,0.010629,1.000000
11690,50,20,0.017735,1.000000
11690,50,40,0.033311,1.000000
11690,50,80,0.061445,1.000000
11690,75,0,0.006832,0.909610
11690,75,5,0.011034,0.896406
11690,75,10,0.016798,0.916801
11690,75,20,0.027646,0.916801
11690,75,40,0.052243,0.957860
11690,75,80,0.098638,0.962467
11690,100,0,0.004827,0.888364
11690,100,5,0.014882,0.952550
11690,100,10,0.024297,0.952550
11690,100,20,0.038467,0.952550
11690,100,40,0.071884,0.952550
11690,100,80,0.140763,0.953237
11702,25,0,0.004735,0.956017
11702,25,5,0.015115,0.974086
11702,25,10,0.015795,0.956017
11702,25,20,0.023159,0.956017
11702,25,40,0.048708,0.956017
11702,25,80,0.104496,0.956017
11702,50,0,0.010546,0.892701
11702,50,5,0.026648,0.939117
11702,50,10,0.039225,0.939117
11702,50,20,0.064920,0.942598
11702,50,40,0.132496,0.942598
11702,50,80,0.264185,0.942598
11702,75,0,0.010872,0.957937
11702,75,5,0.029113,0.969242
11702,75,10,0.045125,0.972514
11702,75,20,0.087447,0.972514
11702,75,40,0.169941,0.972514
11702,75,80,0.353481,0.972514
11702,100,0,0.013153,0.978163
11702,100,5,0.039123,0.987867
11702,100,10,0.057424,0.987867
11702,100,20,0.103741,0.993992
11702,100,40,0.216688,0.993992
11702,100,80,0.413697,0.993992
11714,25,0,0.002979,0.956433
11714,25,5,0.006997,0.956433
11714,25,10,0.011291,0.963777
11714,25,20,0.019239,0.963777
11714,25,40,0.032866,0.963777
11714,25,80,0.052349,0.963777
11714,50,0,0.006006,0.919133
11714,50,5,0.020838,0.924731
11714,50,10,0.032948,0.924731
11714,50,20,0.054775,0.951565
11714,50,40,0.090933,0.954042
11714,50,80,0.193978,0.965091
11714,75,0,0.007028,0.931778
11714,75,5,0.028616,0.952878
11714,75,10,0.047742,0.958649
11714,75,20,0.075379,0.967203
11714,75,40,0.129942,0.967203
11714,75,80,0.283486,0.967203
11714,100,0,0.007537,0.972740
11714,100,5,0.035161,0.983544
11714,100,10,0.055441,0.983544
11714,100,20,0.092377,0.986620
11714,100,40,0.153390,0.984493
11714,100,80,0.339546,0.984493
11826,25,0,0.000377,1.000000
11826,25,5,0.000539,1.000000
11826,25,10,0.000619,1.000000
11826,25,20,0.000883,1.000000
11826,25,40,0.001445,1.000000
11826,25,80,0.001544,1.000000
11826,50,0,0.001116,1.000000
11826,50,5,0.001664,1.000000
11826,50,10,0.002220,1.000000
11826,50,20,0.003297,1.000000
11826,50,40,0.005740,1.000000
11826,50,80,0.009563,1.000000
11826,75,0,0.002135,0.988294
11826,75,5,0.002822,0.988294
11826,75,10,0.003818,0.988294
11826,75,20,0.006448,0.988294
11826,75,40,0.011625,0.988294
11826,75,80,0.024283,0.988294
11826,100,0,0.002631,0.919904
11826,100,5,0.004946,0.954113
11826,100,10,0.013821,0.979190
11826,100,20,0.011094,0.979190
11826,100,40,0.021151,0.979190
11826,100,80,0.039515,0.979190
12016,25,0,0.000709,0.932415
12016,25,5,0.001271,0.932415
12016,25,10,0.001916,0.932415
12016,25,20,0.002711,0.932415
12016,25,40,0.004711,1.000000
12016,25,80,0.007798,1.000000
12016,50,0,0.002222,0.955242
12016,50,5,0.005555,0.986250
12016,50,10,0.008184,0.986250
12016,50,20,0.015983,1.000000
12016,50,40,0.025632,1.000000
12016,50,80,0.041413,1.000000
12016,75,0,0.004992,0.955250
12016,75,5,0.010937,0.955250
12016,75,10,0.016615,0.955250
12016,75,20,0.028373,0.978157
12016,75,40,0.049373,0.978157
12016,75,80,0.088339,0.981433
12016,100,0,0.005148,0.957090
12016,100,5,0.011866,0.957090
12016,100,10,0.020035,0.957090
12016,100,20,0.035551,0.966015
12016,100,40,0.063482,0.966015
12016,100,80,0.119675,0.968761
12078,25,0,0.005127,0.942993
12078,25,5,0.013525,0.942993
12078,25,10,0.025301,0.946636
12078,25,20,0.037748,0.946636
12078,25,40,0.070336,0.946636
12078,25,80,0.122939,0.946636
12078,50,0,0.012845,0.958879
12078,50,5,0.035382,0.965647
12078,50,10,0.055365,0.969705
12078,50,20,0.093469,0.969705
12078,50,40,0.162088,0.969705
12078,50,80,0.293682,0.986312
12078,75,0,0.015366,0.952894
12078,75,5,0.043674,0.972332
12078,75,10,0.069697,0.972332
12078,75,20,0.114606,0.972332
12078,75,40,0.201541,0.972332
12078,75,80,0.390192,0.972332
12078,100,0,0.015353,0.975453
12078,100,5,0.050157,0.979845
12078,100,10,0.078171,0.979845
12078,100,20,0.125231,0.977488
12078,100,40,0.222139,0.984027
12078,100,80,0.417056,0.987725
12221,25,0,0.002450,0.999198
12221,25,5,0.005651,0.999198
12221,25,10,0.008035,0.999198
12221,25,20,0.011785,0.999198
12221,25,40,0.020308,1.000000
12221,25,80,0.041350,0.999198
12221,50,0,0.006760,0.885047
12221,50,5,0.016202,0.957258
12221,50,10,0.026264,0.957258
12221,50,20,0.041483,0.957258
12221,50,40,0.079831,0.957258
12221,50,80,0.156870,0.957258
12221,75,0,0.008130,0.973484
12221,75,5,0.024525,0.975193
12221,75,10,0.036770,0.975193
12221,75,20,0.065931,0.975193
12221,75,40,0.121367,0.975193
12221,75,80,0.235721,0.975193
12221,100,0,0.015817,0.962490
12221,100,5,0.031534,0.958766
12221,100,10,0.049589,0.958766
12221,100,20,0.085726,0.970540
12221,100,40,0.151934,0.970540
12221,100,80,0.299849,0.970540
12437,25,0,0.005209,0.976447
12437,25,5,0.016479,1.000000
12437,25,10,0.028492,1.000000
12437,25,20,0.046034,1.000000
12437,25,40,0.077208,1.000000
12437,25,80,0.154201,1.000000
12437,50,0,0.009836,0.928673
12437,50,5,0.031125,0.954736
12437,50,10,0.048206,0.954736
12437,50,20,0.082216,0.954736
12437,50,40,0.161644,0.964600
12437,50,80,0.301573,0.959982
12437,75,0,0.020420,0.948544
12437,75,5,0.045682,0.981402
12437,75,10,0.066229,0.981402
12437,75,20,0.109757,0.981402
12437,75,40,0.200537,0.981402
12437,75,80,0.384660,0.981402
12437,100,0,0.018598,0.985350
12437,100,5,0.044905,0.986851
12437,100,10,0.068953,0.987142
12437,100,20,0.117063,0.987497
12437,100,40,0.217644,0.987497
12437,100,80,0.402836,0.989742
12559,25,0,0.000852,0.932113
12559,25,5,0.001826,0.955952
12559,25,10,0.002492,0.976161
12559,25,20,0.003467,0.976161
12559,25,40,0.006032,0.976161
12559,25,80,0.010501,0.976161
12559,50,0,0.003818,0.958688
12559,50,5,0.009086,1.000000
12559,50,10,0.013109,1.000000
12559,50,20,0.019960,1.000000
12559,50,40,0.031545,1.000000
12559,50,80,0.056994,1.000000
12559,75,0,0.003766,0.911648
12559,75,5,0.011455,0.974425
12559,75,10,0.018158,0.974425
12559,75,20,0.030067,0.958137
12559,75,40,0.062198,0.958137
12559,75,80,0.117176,0.958137
12559,100,0,0.004823,0.958094
12559,100,5,0.013146,0.958087
12559,100,10,0.023936,0.982857
12559,100,20,0.039876,0.984833
12559,100,40,0.079868,0.984833
12559,100,80,0.152218,0.984833
12924,25,0,0.000781,0.955290
12924,25,5,0.001696,1.000000
12924,25,10,0.002590,1.000000
12924,25,20,0.003742,1.000000
12924,25,40,0.006145,1.000000
12924,25,80,0.010317,1.000000
12924,50,0,0.002589,0.869531
12924,50,5,0.008306,0.904207
12924,50,10,0.012456,0.904207
12924,50,20,0.018502,0.904207
12924,50,40,0.033500,0.904207
12924,50,80,0.057026,0.947072
12924,75,0,0.003574,0.924577
12924,75,5,0.011595,0.968852
12924,75,10,0.019265,0.968852
12924,75,20,0.029469,0.974188
12924,75,40,0.051378,0.974188
12924,75,80,0.098484,0.974188
12924,100,0,0.004313,0.974556
12924,100,5,0.014355,0.967020
12924,100,10,0.025833,0.990508
12924,100,20,0.039400,0.990508
12924,100,40,0.062013,0.987474
12924,100,80,0.123738,0.987474
13085,25,0,0.004641,0.937173
13085,25,5,0.018351,0.978589
13085,25,10,0.030024,0.978589
13085,25,20,0.055216,0.985035
13085,25,40,0.098843,0.985035
13085,25,80,0.172355,0.985035
13085,50,0,0.007386,0.912669
13085,50,5,0.032603,0.928283
13085,50,10,0.058096,0.940330
13085,50,20,0.106913,0.940330
13085,50,40,0.198936,0.958506
13085,50,80,0.398364,0.970470
13085,75,0,0.015232,0.963135
13085,75,5,0.047190,0.969103
13085,75,10,0.078805,0.969103
13085,75,20,0.142501,0.969103
13085,75,40,0.273592,0.970485
13085,75,80,0.506796,0.970485
13085,100,0,0.026619,0.990225
13085,100,5,0.049791,0.991362
13085,100,10,0.086392,0.994388
13085,100,20,0.156647,0.994388
13085,100,40,0.308418,0.994388
13085,100,80,0.552969,0.994388
13211,25,0,0.000457,1.000000
13211,25,5,0.000631,1.000000
13211,25,10,0.000757,1.000000
13211,25,20,0.001045,1.000000
13211,25,40,0.001176,1.000000
13211,25,80,0.001189,1.000000
13211,50,0,0.000896,1.000000
13211,50,5,0.001973,1.000000
13211,50,10,0.003026,1.000000
13211,50,20,0.004685,1.000000
13211,50,40,0.008275,1.000000
13211,50,80,0.013029,1.000000
13211,75,0,0.001820,0.944847
13211,75,5,0.005163,0.975563
13211,75,10,0.007259,0.984364
13211,75,20,0.012670,0.990557
13211,75,40,0.020979,0.990557
13211,75,80,0.040540,0.990557
13211,100,0,0.002381,0.917773
13211,100,5,0.006440,0.917773
13211,100,10,0.011162,0.917773
13211,100,20,0.020452,0.924261
13211,100,40,0.041329,0.970757
13211,100,80,0.075831,0.970757
13520,25,0,0.000462,1.000000
13520,25,5,0.000585,1.000000
13520,25,10,0.000755,1.000000
13520,25,20,0.000987,1.000000
13520,25,40,0.001663,1.000000
13520,25,80,0.001835,1.000000
13520,50,0,0.001550,0.948139
13520,50,5,0.002894,0.992228
13520,50,10,0.004232,0.992228
13520,50,20,0.006782,0.992228
13520,50,40,0.011217,0.992228
13520,50,80,0.020272,0.992228
13520,75,0,0.002370,0.755848
13520,75,5,0.006956,0.889678
13520,75,10,0.011177,0.889678
13520,75,20,0.017113,0.889678
13520,75,40,0.030336,0.909754
13520,75,80,0.054876,0.909754
13520,100,0,0.003421,0.884353
13520,100,5,0.009460,0.970232
13520,100,10,0.014186,0.970232
13520,100,20,0.025444,0.970232
13520,100,40,0.042164,0.970232
13520,100,80,0.078860,0.970232
13629,25,0,0.002271,0.910987
13629,25,5,0.007479,0.934085
13629,25,10,0.009989,0.934085
13629,25,20,0.015577,0.976388
13629,25,40,0.027652,0.976388
13629,25,80,0.045557,0.976388
13629,50,0,0.008087,0.887942
13629,50,5,0.018106,0.887942
13629,50,10,0.024646,0.887942
13629,50,20,0.045660,0.957000
13629,50,40,0.085185,0.957000
13629,50,80,0.161464,0.957000
13629,75,0,0.007758,0.932297
13629,75,5,0.022637,0.932297
13629,75,10,0.031326,0.940852
13629,75,20,0.057172,0.946746
13629,75,40,0.112479,0.952087
13629,75,80,0.212043,0.950140
13629,100,0,0.015080,0.968694
13629,100,5,0.029355,0.975933
13629,100,10,0.039931,0.975933
13629,100,20,0.075457,0.975933
13629,100,40,0.139193,0.975933
13629,100,80,0.267300,0.976199
13683,25,0,0.000411,1.000000
13683,25,5,0.000505,1.000000
13683,25,10,0.000555,1.000000
13683,25,20,0.000714,1.000000
13683,25,40,0.001121,1.000000
13683,25,80,0.001213,1.000000
13683,50,0,0.001012,1.000000
13683,50,5,0.001296,1.000000
13683,50,10,0.001600,1.000000
13683,50,20,0.002390,1.000000
13683,50,40,0.003942,1.000000
13683,50,80,0.006846,1.000000
13683,75,0,0.002149,0.966615
13683,75,5,0.002733,0.988014
13683,75,10,0.003737,0.988014
13683,75,20,0.005451,0.988014
13683,75,40,0.009818,0.988014
13683,75,80,0.018882,1.000000
13683,100,0,0.003148,0.930522
13683,100,5,0.004791,0.927386
13683,100,10,0.005774,0.983091
13683,100,20,0.009761,0.983091
13683,100,40,0.018276,0.983091
13683,100,80,0.034731,0.983091
13706,25,0,0.001596,0.940083
13706,25,5,0.003837,0.991866
13706,25,10,0.005597,0.991866
13706,25,20,0.008414,0.991866
13706,25,40,0.012528,0.991866
13706,25,80,0.022356,0.991866
13706,50,0,0.003924,0.928406
13706,50,5,0.011486,0.976655
13706,50,10,0.018281,0.959084
13706,50,20,0.028114,0.959084
13706,50,40,0.046666,0.976655
13706,50,80,0.092963,0.976655
13706,75,0,0.007931,0.962098
13706,75,5,0.016535,0.988914
13706,75,10,0.025314,0.988914
13706,75,20,0.041584,0.988914
13706,75,40,0.068450,0.988914
13706,75,80,0.132246,0.984146
13706,100,0,0.009063,0.985710
13706,100,5,0.020141,0.982680
13706,100,10,0.034592,0.981962
13706,100,20,0.051089,0.981962
13706,100,40,0.088259,0.982289
13706,100,80,0.165008,0.987560
13743,25,0,0.002311,0.972632
13743,25,5,0.004397,0.984995
13743,25,10,0.006313,0.984995
13743,25,20,0.009007,0.984995
13743,25,40,0.015280,0.984995
13743,25,80,0.025596,0.984995
13743,50,0,0.004361,0.941948
13743,50,5,0.020694,0.952853
13743,50,10,0.020792,0.953156
13743,50,20,0.038925,0.961883
13743,50,40,0.074521,0.968086
13743,50,80,0.129476,0.968086
13743,75,0,0.007114,0.940882
13743,75,5,0.022971,0.940882
13743,75,10,0.038917,0.940882
13743,75,20,0.074588,0.940078
13743,75,40,0.130902,0.940078
13743,75,80,0.251887,0.940130
13743,100,0,0.007999,0.962587
13743,100,5,0.027853,0.964410
13743,100,10,0.046073,0.964410
13743,100,20,0.087418,0.964410
13743,100,40,0.162789,0.968769
13743,100,80,0.343463,0.970176
14061,25,0,0.001080,0.981282
14061,25,5,0.001816,1.000000
14061,25,10,0.002423,1.000000
14061,25,20,0.004037,1.000000
14061,25,40,0.005940,1.000000
14061,25,80,0.009305,0.981282
14061,50,0,0.002574,0.946801
14061,50,5,0.006321,0.973445
14061,50,10,0.011203,0.973445
14061,50,20,0.021038,0.985735
14061,50,40,0.034760,0.985735
14061,50,80,0.059615,0.985735
14061,75,0,0.004251,0.936068
14061,75,5,0.014195,0.941352
14061,75,10,0.021171,0.957263
14061,75,20,0.036820,0.953054
14061,75,40,0.068995,0.953054
14061,75,80,0.126828,0.957505
14061,100,0,0.005989,0.966754
14061,100,5,0.016179,0.979411
14061,100,10,0.029321,0.989041
14061,100,20,0.047224,0.989041
14061,100,40,0.087123,0.989041
14061,100,80,0.167975,0.989041
14071,25,0,0.000322,1.000000
14071,25,5,0.000433,1.000000
14071,25,10,0.000523,1.000000
14071,25,20,0.000663,1.000000
14071,25,40,0.000888,1.000000
14071,25,80,0.000939,1.000000
14071,50,0,0.000879,1.000000
14071,50,5,0.001215,1.000000
14071,50,10,0.001503,1.000000
14071,50,20,0.002169,1.000000
14071,50,40,0.003421,1.000000
14071,50,80,0.005839,1.000000
14071,75,0,0.001355,0.922160
14071,75,5,0.003348,1.000000
14071,75,10,0.004342,1.000000
14071,75,20,0.007295,1.000000
14071,75,40,0.012063,1.000000
14071,75,80,0.022833,1.000000
14071,100,0,0.002179,0.964869
14071,100,5,0.005149,0.973968
14071,100,10,0.010492,0.979507
14071,100,20,0.014771,0.978638
14071,100,40,0.024990,0.984900
14071,100,80,0.049035,0.984900
14373,25,0,0.000911,1.000000
14373,25,5,0.001707,1.000000
14373,25,10,0.002055,1.000000
14373,25,20,0.002938,1.000000
14373,25,40,0.004661,1.000000
14373,25,80,0.008501,1.000000
14373,50,0,0.004327,0.896513
14373,50,5,0.006445,0.822969
14373,50,10,0.011473,0.946244
14373,50,20,0.017790,0.977374
14373,50,40,0.030509,0.977374
14373,50,80,0.051031,0.905912
14373,75,0,0.003624,0.922806
14373,75,5,0.010807,0.947544
14373,75,10,0.019564,0.973005
14373,75,20,0.026692,0.973005
14373,75,40,0.053186,0.973005
14373,75,80,0.090369,0.973005
14373,100,0,0.006584,0.975796
14373,100,5,0.015540,0.970754
14373,100,10,0.021389,0.970754
14373,100,20,0.036994,0.970754
14373,100,40,0.071052,0.982988
14373,100,80,0.119312,0.982988
14758,25,0,0.000596,0.961155
14758,25,5,0.000888,1.000000
14758,25,10,0.001299,1.000000
14758,25,20,0.001947,1.000000
14758,25,40,0.002937,1.000000
14758,25,80,0.004769,1.000000
14758,50,0,0.001723,0.876021
14758,50,5,0.004069,0.983421
14758,50,10,0.006251,0.983421
14758,50,20,0.009640,0.983421
14758,50,40,0.017393,0.983421
14758,50,80,0.031294,0.983421
14758,75,0,0.003019,0.902073
14758,75,5,0.008287,0.927535
14758,75,10,0.011766,0.943467
14758,75,20,0.021643,0.957350
14758,75,40,0.039424,0.957350
14758,75,80,0.074245,0.957350
14758,100,0,0.003707,0.923787
14758,100,5,0.009157,0.969471
14758,100,10,0.015989,0.980800
14758,100,20,0.027027,0.980800
14758,100,40,0.053522,0.984824
14758,100,80,0.095981,0.984824
14763,25,0,0.000421,1.000000
14763,25,5,0.000480,1.000000
14763,25,10,0.000550,1.000000
14763,25,20,0.000718,1.000000
14763,25,40,0.000938,1.000000
14763,25,80,0.001328,1.000000
14763,50,0,0.001582,0.892430
14763,50,5,0.002304,1.000000
14763,50,10,0.002915,1.000000
14763,50,20,0.003716,1.000000
14763,50,40,0.005724,1.000000
14763,50,80,0.009524,1.000000
14763,75,0,0.002402,0.899766
14763,75,5,0.004913,0.996647
14763,75,10,0.006891,0.996647
14763,75,20,0.011135,0.996647
14763,75,40,0.021180,0.996647
14763,75,80,0.034586,0.996647
14763,100,0,0.002727,0.957620
14763,100,5,0.006742,0.989964
14763,100,10,0.010372,0.989964
14763,100,20,0.016864,0.997111
14763,100,40,0.031259,0.997111
14763,100,80,0.055468,0.997111
14811,25,0,0.001716,1.000000
14811,25,5,0.003227,1.000000
14811,25,10,0.004828,1.000000
14811,25,20,0.007106,1.000000
14811,25,40,0.010818,1.000000
14811,25,80,0.019871,1.000000
14811,50,0,0.004075,0.883103
14811,50,5,0.012442,0.973588
14811,50,10,0.020649,0.973588
14811,50,20,0.032949,0.973588
14811,50,40,0.060575,0.975792
14811,50,80,0.099220,0.975792
14811,75,0,0.005182,0.937548
14811,75,5,0.021340,0.966479
14811,75,10,0.036049,0.972851
14811,75,20,0.064438,0.972851
14811,75,40,0.118710,0.972851
14811,75,80,0.199629,0.980585
14811,100,0,0.012911,0.971353
14811,100,5,0.025240,0.982599
14811,100,10,0.043928,0.982599
14811,100,20,0.080734,0.982599
14811,100,40,0.148971,0.982599
14811,100,80,0.265379,0.981179
14846,25,0,0.001973,0.927942
14846,25,5,0.004780,0.979018
14846,25,10,0.006712,0.979018
14846,25,20,0.010810,0.979018
14846,25,40,0.018296,0.979018
14846,25,80,0.030134,0.979018
14846,50,0,0.004276,0.922839
14846,50,5,0.015741,0.944054
14846,50,10,0.026070,0.944054
14846,50,20,0.047313,0.944054
14846,50,40,0.087493,0.944054
14846,50,80,0.157568,0.957775
14846,75,0,0.007645,0.942357
14846,75,5,0.020482,0.965259
14846,75,10,0.038839,0.965259
14846,75,20,0.062611,0.965259
14846,75,40,0.116792,0.965259
14846,75,80,0.216265,0.983657
14846,100,0,0.009035,0.983361
14846,100,5,0.027989,0.979213
14846,100,10,0.044272,0.979213
14846,100,20,0.075116,0.990335
14846,100,40,0.133742,0.990335
14846,100,80,0.243733,0.990335
14881,25,0,0.001715,0.947924
14881,25,5,0.002956,0.947924
14881,25,10,0.004807,0.966982
14881,25,20,0.008000,0.966982
14881,25,40,0.014517,0.983493
14881,25,80,0.026295,0.983493
14881,50,0,0.004139,0.977332
14881,50,5,0.011976,0.977591
14881,50,10,0.018227,0.977591
14881,50,20,0.027434,0.977591
14881,50,40,0.045597,0.977591
14881,50,80,0.090174,0.981883
14881,75,0,0.006905,0.981002
14881,75,5,0.018783,0.985486
14881,75,10,0.025622,0.985486
14881,75,20,0.041841,0.985486
14881,75,40,0.073345,0.985486
14881,75,80,0.138400,0.982055
14881,100,0,0.007157,0.991514
14881,100,5,0.019387,0.992746
14881,100,10,0.028424,0.992746
14881,100,20,0.048513,0.992746
14881,100,40,0.084990,0.992746
14881,100,80,0.170206,0.992746
14935,25,0,0.003013,0.948840
14935,25,5,0.007209,0.948840
14935,25,10,0.009329,0.948840
14935,25,20,0.017643,0.970502
14935,25,40,0.032992,0.970502
14935,25,80,0.058818,0.970502
14935,50,0,0.007785,0.887819
14935,50,5,0.017878,0.964514
14935,50,10,0.025930,0.964514
14935,50,20,0.047740,0.964514
14935,50,40,0.089784,0.969270
14935,50,80,0.179898,0.969270
14935,75,0,0.008968,0.966156
14935,75,5,0.022939,0.957692
14935,75,10,0.034624,0.957692
14935,75,20,0.067553,0.957692
14935,75,40,0.131992,0.957692
14935,75,80,0.257935,0.965832
14935,100,0,0.013343,0.976594
14935,100,5,0.035051,0.982751
14935,100,10,0.048237,0.982751
14935,100,20,0.084875,0.982751
14935,100,40,0.158363,0.983734
14935,100,80,0.331728,0.984721
15083,25,0,0.000888,1.000000
15083,25,5,0.001764,1.000000
15083,25,10,0.002437,1.000000
15083,25,20,0.004092,1.000000
15083,25,40,0.006766,1.000000
15083,25,80,0.012370,1.000000
15083,50,0,0.002264,0.852245
15083,50,5,0.007345,0.956342
15083,50,10,0.011825,0.956342
15083,50,20,0.019882,0.956342
15083,50,40,0.035517,0.956342
15083,50,80,0.068510,0.956342
15083,75,0,0.003957,0.935531
15083,75,5,0.009480,0.955818
15083,75,10,0.016305,0.955818
15083,75,20,0.026421,0.982174
15083,75,40,0.052807,0.982174
15083,75,80,0.102400,0.998878
15083,100,0,0.006385,0.970815
15083,100,5,0.011864,0.982990
15083,100,10,0.020288,0.982990
15083,100,20,0.035997,0.986385
15083,100,40,0.069338,0.986385
15083,100,80,0.137829,0.986385
15087,25,0,0.001314,0.987024
15087,25,5,0.002359,0.987024
15087,25,10,0.002828,0.987024
15087,25,20,0.004165,0.987024
15087,25,40,0.006680,0.987024
15087,25,80,0.012985,1.000000
15087,50,0,0.002894,0.956815
15087,50,5,0.008340,0.979413
15087,50,10,0.013425,0.979413
15087,50,20,0.022875,0.979413
15087,50,40,0.039755,0.979413
15087,50,80,0.068553,0.979413
15087,75,0,0.005199,0.927234
15087,75,5,0.016331,0.928789
15087,75,10,0.027505,0.948988
15087,75,20,0.041424,0.952684
15087,75,40,0.077172,0.952684
15087,75,80,0.146228,0.952684
15087,100,0,0.005375,0.960815
15087,100,5,0.015975,0.971908
15087,100,10,0.027424,0.971908
15087,100,20,0.050850,0.965306
15087,100,40,0.094868,0.965306
15087,100,80,0.184167,0.991781
15586,25,0,0.000363,1.000000
15586,25,5,0.000483,1.000000
15586,25,10,0.000606,1.000000
15586,25,20,0.000837,1.000000
15586,25,40,0.001294,1.000000
15586,25,80,0.001522,1.000000
15586,50,0,0.000911,0.959964
15586,50,5,0.001938,1.000000
15586,50,10,0.004986,1.000000
15586,50,20,0.007761,1.000000
15586,50,40,0.007191,1.000000
15586,50,80,0.011868,1.000000
15586,75,0,0.001820,0.974750
15586,75,5,0.004674,0.993531
15586,75,10,0.007307,0.993531
15586,75,20,0.011533,0.974750
15586,75,40,0.021997,0.981219
15586,75,80,0.038308,0.981219
15586,100,0,0.002427,0.970358
15586,100,5,0.006417,0.970358
15586,100,10,0.010727,0.986724
15586,100,20,0.018355,0.986724
15586,100,40,0.034508,0.987462
15586,100,80,0.063013,0.987462
15699,25,0,0.000329,1.000000
15699,25,5,0.000404,1.000000
15699,25,10,0.000482,1.000000
15699,25,20,0.000479,1.000000
15699,25,40,0.000482,1.000000
15699,25,80,0.000483,1.000000
15699,50,0,0.000518,1.000000
15699,50,5,0.001069,1.000000
15699,50,10,0.001663,1.000000
15699,50,20,0.001890,1.000000
15699,50,40,0.002987,1.000000
15699,50,80,0.003066,1.000000
15699,75,0,0.001234,1.000000
15699,75,5,0.001428,1.000000
15699,75,10,0.001710,1.000000
15699,75,20,0.002406,1.000000
15699,75,40,0.004286,1.000000
15699,75,80,0.008143,1.000000
15699,100,0,0.001325,0.996650
15699,100,5,0.002186,1.000000
15699,100,10,0.002800,1.000000
15699,100,20,0.004461,1.000000
15699,100,40,0.007493,1.000000
15699,100,80,0.013345,1.000000
