instance,level,greedy_runs,k
11690,50,33,4
11690,100,38,10
11702,50,47,12
11702,100,101,20
11714,50,43,8
11714,100,97,16
11826,50,28,3
11826,100,32,4
12016,50,33,4
12016,100,46,8
12078,50,69,11
12078,100,87,21
12221,50,49,7
12221,100,82,12
12437,50,45,10
12437,100,94,22
12559,50,58,4
12559,100,52,10
12924,50,40,6
12924,100,78,10
13085,50,66,13
13085,100,116,24
13211,50,33,3
13211,100,42,6
13520,50,37,3
13520,100,48,6
13629,50,62,8
13629,100,72,15
13683,50,30,3
13683,100,38,4
13706,50,43,6
13706,100,82,14
13743,50,47,7
13743,100,61,14
14061,50,51,6
14061,100,72,11
14071,50,34,3
14071,100,46,8
14373,50,53,5
14373,100,53,12
14758,50,36,5
14758,100,49,6
14763,50,39,4
14763,100,46,8
14811,50,43,7
14811,100,58,13
14846,50,52,7
14846,100,73,12
14881,50,50,8
14881,100,60,14
14935,50,51,10
14935,100,115,18
15083,50,41,5
15083,100,53,12
15087,50,45,4
15087,100,62,10
15586,50,39,4
15586,100,46,5
15699,50,24,2
15699,100,33,3
