instance,algorithm,budget_level,seed,covered_cells,covered_weight,cost,time_seconds
11690,ilp_uav,100,-,158,152.37333333333333,276,120.049
11690,ilp_uav,25,-,34,33.8755,38,0.062
11690,ilp_uav,50,-,95,93.29266666666666,135,0.192
11690,ilp_uav,75,-,137,133.95313333333334,193,12.69
11702,ilp_uav,100,-,235,816.1644,471,120.098
11702,ilp_uav,25,-,87,512.4131,120,2.745
11702,ilp_uav,50,-,166,760.5963666666667,242,45.07
11702,ilp_uav,75,-,214,804.9382,358,120.092
11714,ilp_uav,100,-,188,354.0985333333333,382,120.051
11714,ilp_uav,25,-,59,176.71096666666668,96,0.163
11714,ilp_uav,50,-,133,317.7014,185,2.389
11714,ilp_uav,75,-,176,346.7723,289,37.829
11826,ilp_uav,100,-,75,250.20136666666667,154,1.508
11826,ilp_uav,25,-,10,11.6858,20,0.037
11826,ilp_uav,50,-,30,99.78443333333334,56,0.041
11826,ilp_uav,75,-,60,217.5018,120,0.085
12016,ilp_uav,100,-,114,88.23196666666666,221,23.194
12016,ilp_uav,25,-,28,21.7543,45,0.075
12016,ilp_uav,50,-,77,63.78893333333333,118,0.107
12016,ilp_uav,75,-,102,80.09196666666666,175,39.349
12078,ilp_uav,100,-,278,717.4437666666666,562,120.177
12078,ilp_uav,25,-,118,467.15453333333335,137,1.632
12078,ilp_uav,50,-,188,649.1056666666667,268,120.116
12078,ilp_uav,75,-,245,700.9571666666667,406,120.128
12221,ilp_uav,100,-,161,413.38936666666666,273,120.143
12221,ilp_uav,25,-,53,168.61003333333332,67,0.074
12221,ilp_uav,50,-,99,367.8546,132,0.866
12221,ilp_uav,75,-,143,402.4098,204,120.251
12437,ilp_uav,100,-,294,635.8221666666667,565,120.11
12437,ilp_uav,25,-,123,379.12646666666666,146,3.188
12437,ilp_uav,50,-,196,536.0502333333334,288,120.097
12437,ilp_uav,75,-,261,615.982,442,120.088
12559,ilp_uav,100,-,102,77.18416666666667,210,5.923
12559,ilp_uav,25,-,27,24.01096666666667,42,0.053
12559,ilp_uav,50,-,63,55.2867,85,0.406
12559,ilp_uav,75,-,94,72.77043333333333,166,14.634
12924,ilp_uav,100,-,117,451.57256666666666,272,1.275
12924,ilp_uav,25,-,39,222.34476666666666,65,0.04
12924,ilp_uav,50,-,84,392.40076666666664,133,0.814
12924,ilp_uav,75,-,102,441.52983333333333,208,4.447
13085,ilp_uav,100,-,268,326.0371,544,120.081
13085,ilp_uav,25,-,111,217.28086666666667,137,1.859
13085,ilp_uav,50,-,192,289.61056666666667,274,120.072
13085,ilp_uav,75,-,251,323.2339333333333,406,120.062
13211,ilp_uav,100,-,68,43.775999999999996,127,0.804
13211,ilp_uav,25,-,10,8.228933333333334,22,0.032
13211,ilp_uav,50,-,32,25.5747,44,0.052
13211,ilp_uav,75,-,53,37.913066666666666,68,0.109
13520,ilp_uav,100,-,86,305.8842666666667,170,2.43
13520,ilp_uav,25,-,13,67.86866666666667,23,0.032
13520,ilp_uav,50,-,41,178.5987,97,0.06
13520,ilp_uav,75,-,81,288.8380666666667,151,0.575
13629,ilp_uav,100,-,184,193.7955,401,120.131
13629,ilp_uav,25,-,75,113.45496666666666,100,0.247
13629,ilp_uav,50,-,127,168.14293333333333,192,120.157
13629,ilp_uav,75,-,170,190.4429,297,120.143
13683,ilp_uav,100,-,70,70.18996666666666,123,2.052
13683,ilp_uav,25,-,12,9.966,17,0.035
13683,ilp_uav,50,-,34,35.7464,51,0.04
13683,ilp_uav,75,-,57,59.77686666666667,95,0.216
13706,ilp_uav,100,-,140,317.8788333333333,334,34.965
13706,ilp_uav,25,-,41,150.61766666666668,64,0.103
13706,ilp_uav,50,-,94,289.3811,162,30.296
13706,ilp_uav,75,-,120,314.9843666666667,258,16.922
13743,ilp_uav,100,-,148,271.43876666666665,258,44.193
13743,ilp_uav,25,-,52,103.34213333333334,64,0.07
13743,ilp_uav,50,-,98,240.63116666666667,130,0.331
13743,ilp_uav,75,-,134,262.26283333333333,196,19.954
14061,ilp_uav,100,-,117,73.33673333333333,248,7.479
14061,ilp_uav,25,-,36,27.575766666666667,64,0.044
14061,ilp_uav,50,-,82,60.7513,120,0.487
14061,ilp_uav,75,-,107,70.88203333333334,184,4.176
14071,ilp_uav,100,-,63,43.864533333333334,159,0.859
14071,ilp_uav,25,-,9,7.393233333333334,11,0.023
14071,ilp_uav,50,-,33,27.680633333333333,59,0.044
14071,ilp_uav,75,-,53,40.676833333333335,89,0.108
14373,ilp_uav,100,-,116,220.5811294945284,265,12.268
14373,ilp_uav,25,-,25,34.22528009379885,33,0.043
14373,ilp_uav,50,-,84,196.27380797290255,125,0.463
14373,ilp_uav,75,-,106,215.8877670661803,201,5.824
14758,ilp_uav,100,-,81,54.8827,170,5.032
14758,ilp_uav,25,-,17,14.8583,22,0.043
14758,ilp_uav,50,-,48,37.16923333333333,84,0.167
14758,ilp_uav,75,-,77,52.582566666666665,132,0.362
14763,ilp_uav,100,-,81,242.57473333333334,229,1.431
14763,ilp_uav,25,-,14,85.66303333333333,29,0.032
14763,ilp_uav,50,-,46,203.2895,110,0.081
14763,ilp_uav,75,-,68,238.32176666666666,153,1.559
14811,ilp_uav,100,-,138,363.9241666666667,220,56.575
14811,ilp_uav,25,-,47,192.82456666666667,61,0.081
14811,ilp_uav,50,-,92,336.49243333333334,118,1.117
14811,ilp_uav,75,-,119,356.0896333333333,162,50.724
14846,ilp_uav,100,-,163,304.664,359,16.919
14846,ilp_uav,25,-,57,226.5738,87,0.167
14846,ilp_uav,50,-,119,277.2354666666667,177,26.456
14846,ilp_uav,75,-,143,298.1106,265,23.863
14881,ilp_uav,100,-,161,179.933,399,25.438
14881,ilp_uav,25,-,61,129.54443333333333,93,0.103
14881,ilp_uav,50,-,118,169.54226666666668,197,6.373
14881,ilp_uav,75,-,146,178.44153333333333,296,42.019
14935,ilp_uav,100,-,221,530.802,390,120.104
14935,ilp_uav,25,-,72,243.614,96,0.211
14935,ilp_uav,50,-,134,423.7384666666667,196,120.141
14935,ilp_uav,75,-,181,508.9855333333333,276,120.083
15083,ilp_uav,100,-,112,80.7502931214174,283,36.529
15083,ilp_uav,25,-,40,33.36910500260552,54,0.055
15083,ilp_uav,50,-,85,67.48589760291819,134,1.124
15083,ilp_uav,75,-,99,76.9728048462741,200,38.325
15087,ilp_uav,100,-,117,130.69232021886398,219,1.522
15087,ilp_uav,25,-,33,61.664147993746745,43,0.101
15087,ilp_uav,50,-,71,107.38050416883793,90,0.568
15087,ilp_uav,75,-,100,126.18587154768109,172,10.022
15586,ilp_uav,100,-,75,63.68816666666667,161,0.982
15586,ilp_uav,25,-,13,11.562966666666666,21,0.033
15586,ilp_uav,50,-,36,30.782433333333334,78,0.05
15586,ilp_uav,75,-,56,49.6611,116,0.548
15699,ilp_uav,100,-,45,89.99586666666667,73,0.11
15699,ilp_uav,25,-,7,5.770300000000001,11,0.025
15699,ilp_uav,50,-,20,33.1705,24,0.031
15699,ilp_uav,75,-,32,61.5717,36,0.063
11690,naive,100,-,148,141.82439999999997,271,0.109
11690,naive,25,-,34,33.8755,38,0.027
11690,naive,50,-,86,84.24889999999999,126,0.048
11690,naive,75,-,119,115.64976666666668,203,0.077
11702,naive,100,-,221,807.5916999999997,479,0.147
11702,naive,25,-,81,472.62466666666666,110,0.078
11702,naive,50,-,153,687.2144333333331,237,0.106
11702,naive,75,-,193,786.5253999999999,358,0.137
11714,naive,100,-,165,337.13733333333346,381,0.102
11714,naive,25,-,51,171.25583333333336,95,0.087
11714,naive,50,-,119,309.29979999999995,183,0.119
11714,naive,75,-,153,331.6302666666667,274,0.089
11826,naive,100,-,65,229.32489999999999,147,0.051
11826,naive,25,-,10,11.6858,20,0.007
11826,naive,50,-,23,93.16466666666666,54,0.033
11826,naive,75,-,47,186.21099999999998,118,0.041
12016,naive,100,-,99,74.92526666666667,237,0.102
12016,naive,25,-,26,20.284033333333333,40,0.029
12016,naive,50,-,61,49.76783333333334,112,0.071
12016,naive,75,-,95,72.99910000000001,177,0.088
12078,naive,100,-,255,704.1652666666662,538,0.252
12078,naive,25,-,102,415.2018,137,0.082
12078,naive,50,-,189,628.1434333333332,273,0.11
12078,naive,75,-,238,691.9873999999998,412,0.144
12221,naive,100,-,149,397.69056666666665,261,0.118
12221,naive,25,-,49,166.1403,65,0.056
12221,naive,50,-,101,327.8307666666669,133,0.078
12221,naive,75,-,128,387.71846666666676,194,0.098
12437,naive,100,-,275,625.4061666666666,582,0.154
12437,naive,25,-,106,340.96513333333337,146,0.088
12437,naive,50,-,185,468.64376666666675,287,0.119
12437,naive,75,-,242,552.3363000000002,433,0.141
12559,naive,100,-,91,72.02666666666666,207,0.068
12559,naive,25,-,24,22.38093333333333,39,0.027
12559,naive,50,-,60,51.358733333333326,83,0.054
12559,naive,75,-,80,64.1077,172,0.061
12924,naive,100,-,105,432.29663333333326,236,0.06
12924,naive,25,-,37,217.90809999999996,63,0.027
12924,naive,50,-,56,323.3709333333333,122,0.057
12924,naive,75,-,90,407.8992333333333,190,0.088
13085,naive,100,-,249,321.03296666666677,542,0.205
13085,naive,25,-,92,193.37136666666663,132,0.122
13085,naive,50,-,170,272.36690000000004,268,0.153
13085,naive,75,-,216,305.68293333333344,401,0.174
13211,naive,100,-,52,33.039033333333336,127,0.056
13211,naive,25,-,10,8.228933333333334,22,0.008
13211,naive,50,-,32,25.574700000000004,44,0.03
13211,naive,75,-,42,32.4238,67,0.049
13520,naive,100,-,71,249.11850000000004,162,0.069
13520,naive,25,-,13,67.86866666666667,23,0.016
13520,naive,50,-,37,167.79043333333334,94,0.047
13520,naive,75,-,57,217.1282,134,0.058
13629,naive,100,-,173,191.65423333333328,367,0.13
13629,naive,25,-,55,95.13493333333338,86,0.071
13629,naive,50,-,127,165.51260000000002,194,0.093
13629,naive,75,-,155,183.36156666666668,285,0.116
13683,naive,100,-,59,58.271566666666665,112,0.041
13683,naive,25,-,12,9.966000000000001,17,0.004
13683,naive,50,-,34,35.7464,51,0.024
13683,naive,75,-,56,56.89803333333333,91,0.033
13706,naive,100,-,122,295.20273333333336,324,0.095
13706,naive,25,-,36,145.152,62,0.039
13706,naive,50,-,86,256.3245333333334,156,0.058
13706,naive,75,-,112,290.82003333333336,248,0.071
13743,naive,100,-,132,259.2188,247,0.128
13743,naive,25,-,40,90.44030000000001,52,0.055
13743,naive,50,-,81,216.92086666666663,124,0.082
13743,naive,75,-,107,238.82009999999997,187,0.111
14061,naive,100,-,104,70.67453333333334,237,0.077
14061,naive,25,-,32,26.0373,59,0.029
14061,naive,50,-,77,58.96696666666666,125,0.047
14061,naive,75,-,88,64.49126666666666,172,0.062
14071,naive,100,-,53,40.62006666666665,127,0.033
14071,naive,25,-,6,5.655166666666667,8,0.006
14071,naive,50,-,25,19.868666666666666,55,0.02
14071,naive,75,-,48,37.52449999999999,81,0.028
14373,naive,100,-,94,206.13584549244393,261,0.072
14373,naive,25,-,24,34.079859301719644,32,0.03
14373,naive,50,-,66,180.64372720166747,128,0.045
14373,naive,75,-,85,193.83780614903597,201,0.057
14758,naive,100,-,74,52.157033333333345,163,0.058
14758,naive,25,-,14,13.251333333333333,19,0.021
14758,naive,50,-,38,30.78993333333333,82,0.038
14758,naive,75,-,64,46.751633333333345,116,0.048
14763,naive,100,-,78,234.04219999999998,226,0.058
14763,naive,25,-,14,85.66303333333333,29,0.014
14763,naive,50,-,40,187.34223333333333,107,0.031
14763,naive,75,-,68,222.6898,160,0.038
14811,naive,100,-,124,351.5824666666668,216,0.125
14811,naive,25,-,47,192.82456666666664,61,0.06
14811,naive,50,-,82,306.5951,118,0.091
14811,naive,75,-,107,351.22940000000006,169,0.112
14846,naive,100,-,140,290.3278999999999,340,0.101
14846,naive,25,-,47,187.0719,78,0.073
14846,naive,50,-,88,254.14406666666667,158,0.087
14846,naive,75,-,137,289.1312333333333,254,0.096
14881,naive,100,-,149,178.35166666666666,372,0.092
14881,naive,25,-,47,120.1191,86,0.05
14881,naive,50,-,102,163.43153333333333,188,0.084
14881,naive,75,-,136,173.54003333333333,280,0.087
14935,naive,100,-,197,500.2147000000001,384,0.13
14935,naive,25,-,67,240.27686666666665,97,0.065
14935,naive,50,-,129,364.9305,190,0.087
14935,naive,75,-,162,465.49153333333334,284,0.099
15083,naive,100,-,96,66.91023970818134,263,0.068
15083,naive,25,-,40,33.36910500260552,54,0.028
15083,naive,50,-,67,51.55572563835331,140,0.046
15083,naive,75,-,88,66.21081943720687,187,0.056
15087,naive,100,-,95,115.75586242834808,217,0.113
15087,naive,25,-,26,42.20547811360083,42,0.035
15087,naive,50,-,49,87.2549504950495,88,0.066
15087,naive,75,-,90,117.73049114121936,176,0.073
15586,naive,100,-,70,59.22393333333333,159,0.047
15586,naive,25,-,13,11.562966666666666,21,0.01
15586,naive,50,-,35,30.592333333333332,79,0.03
15586,naive,75,-,50,42.44696666666667,117,0.05
15699,naive,100,-,40,85.16273333333332,44,0.035
15699,naive,25,-,7,5.7703,11,0.002
15699,naive,50,-,20,33.1705,24,0.009
15699,naive,75,-,32,61.57169999999999,36,0.027
11690,proposed,100,-,151,145.82826666666665,279,0.041
11690,proposed,25,-,34,33.8755,38,0.006
11690,proposed,50,-,95,93.29266666666666,135,0.02
11690,proposed,75,-,127,122.80836666666664,178,0.03
11702,proposed,100,-,225,812.7877333333331,479,0.127
11702,proposed,25,-,86,504.4753333333333,116,0.026
11702,proposed,50,-,156,720.6150999999999,241,0.075
11702,proposed,75,-,196,788.7187333333331,347,0.108
11714,proposed,100,-,176,348.09546666666665,371,0.089
11714,proposed,25,-,59,176.7109666666667,96,0.026
11714,proposed,50,-,125,312.5434999999999,185,0.05
11714,proposed,75,-,165,340.9595,272,0.075
11826,proposed,100,-,68,246.27939999999998,141,0.012
11826,proposed,25,-,10,11.6858,20,0.001
11826,proposed,50,-,30,99.78443333333333,56,0.004
11826,proposed,75,-,56,214.54809999999992,120,0.008
12016,proposed,100,-,110,85.23336666666667,210,0.04
12016,proposed,25,-,26,20.284033333333333,40,0.003
12016,proposed,50,-,77,63.78893333333333,118,0.016
12016,proposed,75,-,96,78.34253333333335,178,0.032
12078,proposed,100,-,264,712.976466666666,542,0.176
12078,proposed,25,-,106,438.17429999999996,138,0.042
12078,proposed,50,-,195,647.7367333333332,281,0.094
12078,proposed,75,-,246,696.153233333333,409,0.115
12221,proposed,100,-,147,404.88550000000015,250,0.091
12221,proposed,25,-,53,168.6100333333333,67,0.013
12221,proposed,50,-,92,358.4189333333334,132,0.041
12221,proposed,75,-,128,390.65763333333337,200,0.067
12437,proposed,100,-,277,629.2142000000001,587,0.119
12437,proposed,25,-,120,368.8540000000001,143,0.046
12437,proposed,50,-,199,541.5745333333335,287,0.079
12437,proposed,75,-,255,608.0259666666669,436,0.107
12559,proposed,100,-,96,76.01353333333331,208,0.042
12559,proposed,25,-,26,23.438566666666663,41,0.004
12559,proposed,50,-,63,55.28669999999999,85,0.022
12559,proposed,75,-,86,69.72403333333331,168,0.034
12924,proposed,100,-,103,441.1688333333333,243,0.047
12924,proposed,25,-,39,222.34476666666663,65,0.005
12924,proposed,50,-,70,374.8119,132,0.022
12924,proposed,75,-,94,423.8975333333333,187,0.038
13085,proposed,100,-,254,323.8146000000001,551,0.168
13085,proposed,25,-,100,205.9829333333333,135,0.074
13085,proposed,50,-,184,283.9202000000001,274,0.13
13085,proposed,75,-,225,314.2493666666667,408,0.183
13211,proposed,100,-,58,40.460433333333356,124,0.029
13211,proposed,25,-,10,8.228933333333334,22,0.002
13211,proposed,50,-,32,25.574700000000004,44,0.009
13211,proposed,75,-,52,37.55506666666667,66,0.023
13520,proposed,100,-,81,296.2751333333334,164,0.057
13520,proposed,25,-,13,67.86866666666667,23,0.002
13520,proposed,50,-,38,170.69510000000002,94,0.014
13520,proposed,75,-,68,267.18826666666666,135,0.041
13629,proposed,100,-,175,191.92713333333327,382,0.176
13629,proposed,25,-,69,105.40543333333336,95,0.041
13629,proposed,50,-,126,166.2752,194,0.1
13629,proposed,75,-,157,185.34816666666666,297,0.142
13683,proposed,100,-,68,68.13356666666667,123,0.018
13683,proposed,25,-,12,9.966000000000001,17,0.002
13683,proposed,50,-,34,35.7464,51,0.005
13683,proposed,75,-,58,59.11826666666666,96,0.01
13706,proposed,100,-,130,315.03910000000013,318,0.105
13706,proposed,25,-,41,150.61766666666668,64,0.016
13706,proposed,50,-,92,280.3259333333333,158,0.052
13706,proposed,75,-,115,307.33496666666673,255,0.074
13743,proposed,100,-,137,265.37036666666665,236,0.152
13743,proposed,25,-,46,99.59943333333332,58,0.014
13743,proposed,50,-,89,226.97586666666666,128,0.071
13743,proposed,75,-,122,256.29003333333327,187,0.121
14061,proposed,100,-,112,72.53306666666668,235,0.084
14061,proposed,25,-,36,27.575766666666667,64,0.007
14061,proposed,50,-,80,59.88466666666667,122,0.037
14061,proposed,75,-,94,67.5544,173,0.062
14071,proposed,100,-,60,42.92749999999999,162,0.025
14071,proposed,25,-,9,7.393233333333333,11,0.001
14071,proposed,50,-,33,27.680633333333333,59,0.004
14071,proposed,75,-,53,40.67683333333333,89,0.013
14373,proposed,100,-,107,218.39561620635743,248,0.075
14373,proposed,25,-,25,34.22528009379885,33,0.007
14373,proposed,50,-,75,190.40616857738402,132,0.033
14373,proposed,75,-,96,207.20684601354873,186,0.063
14758,proposed,100,-,78,53.82896666666668,159,0.056
14758,proposed,25,-,17,14.8583,22,0.004
14758,proposed,50,-,43,36.553000000000004,82,0.019
14758,proposed,75,-,77,50.33993333333334,133,0.047
14763,proposed,100,-,77,241.0075666666667,224,0.037
14763,proposed,25,-,14,85.66303333333333,29,0.002
14763,proposed,50,-,46,203.2895,110,0.007
14763,proposed,75,-,69,236.30933333333334,167,0.022
14811,proposed,100,-,131,360.3050333333335,217,0.167
14811,proposed,25,-,46,190.33126666666664,60,0.013
14811,proposed,50,-,88,334.35283333333336,113,0.069
14811,proposed,75,-,118,353.1054333333334,176,0.127
14846,proposed,100,-,152,301.00899999999996,349,0.153
14846,proposed,25,-,53,218.62833333333336,86,0.029
14846,proposed,50,-,100,266.4117666666666,161,0.101
14846,proposed,75,-,139,294.92826666666656,267,0.132
14881,proposed,100,-,156,179.6362333333333,385,0.137
14881,proposed,25,-,55,124.6803,93,0.016
14881,proposed,50,-,102,163.51069999999999,188,0.084
14881,proposed,75,-,136,175.8405333333333,283,0.112
14935,proposed,100,-,209,523.4127,381,0.161
14935,proposed,25,-,67,240.27686666666665,97,0.035
14935,proposed,50,-,135,429.86283333333336,196,0.093
14935,proposed,75,-,179,490.77323333333345,285,0.132
15083,proposed,100,-,105,79.161672746222,278,0.053
15083,proposed,25,-,40,33.36910500260552,54,0.005
15083,proposed,50,-,78,63.60718473163106,137,0.025
15083,proposed,75,-,97,74.96358780614904,202,0.036
15087,proposed,100,-,103,127.52436164669099,215,0.068
15087,proposed,25,-,32,61.114610474205314,42,0.005
15087,proposed,50,-,68,105.29517326732672,88,0.027
15087,proposed,75,-,97,121.91756774361646,163,0.055
15586,proposed,100,-,75,62.84263333333333,154,0.023
15586,proposed,25,-,13,11.562966666666666,21,0.001
15586,proposed,50,-,36,30.782433333333334,78,0.006
15586,proposed,75,-,56,48.407166666666676,117,0.023
15699,proposed,100,-,45,89.99586666666666,73,0.005
15699,proposed,25,-,7,5.7703,11,0.001
15699,proposed,50,-,20,33.1705,24,0.002
15699,proposed,75,-,32,61.57169999999999,36,0.005
